company,group,measure,method,n,r,p
AMZN,all,MAR,A_sig_days_direction,487,0.2807089681957321,2.8630841902998056e-10
AMZN,all,MAR,B_all_days_signed_AR,1006,0.2404295603614847,1.0753904098662938e-14
AMZN,all,MAR,C_prev_day_sentiment,1005,0.0936704863471622,0.002955212181508
AMZN,all,MKAR,A_sig_days_direction,486,0.2590139985909445,6.850785792149819e-09
AMZN,all,MKAR,B_all_days_signed_AR,1006,0.2116989967190798,1.1750996637822165e-11
AMZN,all,MKAR,C_prev_day_sentiment,1005,0.1068445117057784,0.000692183099237
AMZN,all,RAR,A_sig_days_direction,482,0.2586009712491825,8.361938644650016e-09
AMZN,all,RAR,B_all_days_signed_AR,1006,0.2011147427195811,1.220146023639493e-10
AMZN,all,RAR,C_prev_day_sentiment,1005,0.1056801974296367,0.0007922839328693
AMZN,bot,MAR,A_sig_days_direction,487,0.0083684783239087,0.8538527394462844
AMZN,bot,MAR,B_all_days_signed_AR,1002,0.0378395440004871,0.2314153476654717
AMZN,bot,MAR,C_prev_day_sentiment,1001,0.02027203178431,0.5217547652204161
AMZN,bot,MKAR,A_sig_days_direction,485,0.0483080349330399,0.2883497018059061
AMZN,bot,MKAR,B_all_days_signed_AR,1002,0.0483769854705152,0.1259354979753669
AMZN,bot,MKAR,C_prev_day_sentiment,1001,0.004619541393455,0.8839419843313958
AMZN,bot,RAR,A_sig_days_direction,482,0.0190561106516953,0.6764451129558277
AMZN,bot,RAR,B_all_days_signed_AR,1002,0.0485599664560027,0.124508120735259
AMZN,bot,RAR,C_prev_day_sentiment,1001,0.0021048665378953,0.9469703140154468
AMZN,organic,MAR,A_sig_days_direction,487,0.3732072549872787,1.531477625123913e-17
AMZN,organic,MAR,B_all_days_signed_AR,1006,0.2951388102132615,1.1411016767528165e-21
AMZN,organic,MAR,C_prev_day_sentiment,1005,0.0961907073872107,0.0022679370284454
AMZN,organic,MKAR,A_sig_days_direction,486,0.3448569162864201,5.107757588186441e-15
AMZN,organic,MKAR,B_all_days_signed_AR,1006,0.2609461070033707,4.015656804393943e-17
AMZN,organic,MKAR,C_prev_day_sentiment,1005,0.1386344321946131,1.0299051002650258e-05
AMZN,organic,RAR,A_sig_days_direction,482,0.3483770995044255,3.3620003981190205e-15
AMZN,organic,RAR,B_all_days_signed_AR,1006,0.248085437212396,1.416592338982517e-15
AMZN,organic,RAR,C_prev_day_sentiment,1005,0.1409749071553872,7.256987523982033e-06
AAPL,all,MAR,A_sig_days_direction,474,0.1840607587965744,5.549324551708353e-05
AAPL,all,MAR,B_all_days_signed_AR,1006,0.1385597895394968,1.030856190017428e-05
AAPL,all,MAR,C_prev_day_sentiment,1005,0.0053806538604293,0.8647230838547103
AAPL,all,MKAR,A_sig_days_direction,497,0.1108022437678216,0.0134523422903617
AAPL,all,MKAR,B_all_days_signed_AR,1006,0.1036971292617102,0.0009883989791589
AAPL,all,MKAR,C_prev_day_sentiment,1005,0.0259222663649,0.4117054761468082
AAPL,all,RAR,A_sig_days_direction,493,0.1161855643813293,0.0098246915772759
AAPL,all,RAR,B_all_days_signed_AR,1006,0.1094590700713726,0.0005053451230652
AAPL,all,RAR,C_prev_day_sentiment,1005,0.024436673320397,0.4390275411266028
AAPL,bot,MAR,A_sig_days_direction,473,0.000826113734587,0.985703271388565
AAPL,bot,MAR,B_all_days_signed_AR,1005,0.0195278216467176,0.5363417728939666
AAPL,bot,MAR,C_prev_day_sentiment,1004,0.0215632546177175,0.4949351037063056
AAPL,bot,MKAR,A_sig_days_direction,496,-0.0203379741875289,0.6513755324413362
AAPL,bot,MKAR,B_all_days_signed_AR,1005,0.0154974085958603,0.623629595563321
AAPL,bot,MKAR,C_prev_day_sentiment,1004,0.0330401313043264,0.2956119930125319
AAPL,bot,RAR,A_sig_days_direction,492,-0.0260504100531258,0.5643082800240561
AAPL,bot,RAR,B_all_days_signed_AR,1005,0.0162411865022805,0.6070653643731349
AAPL,bot,RAR,C_prev_day_sentiment,1004,0.0326169588962043,0.3018440939149191
AAPL,organic,MAR,A_sig_days_direction,473,0.4651307382755075,9.132003834387539e-27
AAPL,organic,MAR,B_all_days_signed_AR,1005,0.3594273117432295,5.185559797443973e-32
AAPL,organic,MAR,C_prev_day_sentiment,1004,0.0688187528251335,0.0292235870976567
AAPL,organic,MKAR,A_sig_days_direction,496,0.3671176481666568,2.8538626673683916e-17
AAPL,organic,MKAR,B_all_days_signed_AR,1005,0.2962226645803998,8.37137821302877e-22
AAPL,organic,MKAR,C_prev_day_sentiment,1004,0.0965893794440266,0.0021848595802721
AAPL,organic,RAR,A_sig_days_direction,492,0.3924240904156523,1.4598274526501211e-19
AAPL,organic,RAR,B_all_days_signed_AR,1005,0.30905920649619,1.101036550142057e-23
AAPL,organic,RAR,C_prev_day_sentiment,1004,0.0959299198536286,0.0023433748594095
GOOG,all,MAR,A_sig_days_direction,489,0.167686212206855,0.0001952987888835
GOOG,all,MAR,B_all_days_signed_AR,1006,0.1402531549313774,8.005517627921034e-06
GOOG,all,MAR,C_prev_day_sentiment,1005,0.0335396919252124,0.2881258142025564
GOOG,all,MKAR,A_sig_days_direction,497,0.1101580432188302,0.0140061282872349
GOOG,all,MKAR,B_all_days_signed_AR,1006,0.1026969796595581,0.0011067992388116
GOOG,all,MKAR,C_prev_day_sentiment,1005,0.0285823914493871,0.3653760325390214
GOOG,all,RAR,A_sig_days_direction,495,0.1129549138683664,0.0119104162646957
GOOG,all,RAR,B_all_days_signed_AR,1006,0.1092525966203468,0.0005179313734244
GOOG,all,RAR,C_prev_day_sentiment,1005,0.0298530500676952,0.3444412217238469
GOOG,bot,MAR,A_sig_days_direction,489,-0.058042382104772,0.2000859390430322
GOOG,bot,MAR,B_all_days_signed_AR,1006,-0.032845778227316,0.2979815245844381
GOOG,bot,MAR,C_prev_day_sentiment,1005,0.0206042466751047,0.5141130223513686
GOOG,bot,MKAR,A_sig_days_direction,497,-0.0298344757333605,0.5069541974206581
GOOG,bot,MKAR,B_all_days_signed_AR,1006,-0.0164086343642323,0.6031828587822976
GOOG,bot,MKAR,C_prev_day_sentiment,1005,0.0271155876786192,0.390506447055918
GOOG,bot,RAR,A_sig_days_direction,495,-0.0328830833445393,0.4654206217428623
GOOG,bot,RAR,B_all_days_signed_AR,1006,-0.0185017390348618,0.5577750162201387
GOOG,bot,RAR,C_prev_day_sentiment,1005,0.0271989041289896,0.3890515102007011
GOOG,organic,MAR,A_sig_days_direction,489,0.3355484170706683,2.4740207755683853e-14
GOOG,organic,MAR,B_all_days_signed_AR,1006,0.2673509231296567,6.316511372302493e-18
GOOG,organic,MAR,C_prev_day_sentiment,1005,0.0171282651562287,0.5875706993275877
GOOG,organic,MKAR,A_sig_days_direction,497,0.2339433248036664,1.3227513219263902e-07
GOOG,organic,MKAR,B_all_days_signed_AR,1006,0.1935987739373334,5.95932821446306e-10
GOOG,organic,MKAR,C_prev_day_sentiment,1005,0.0116680833181841,0.7117917950090236
GOOG,organic,RAR,A_sig_days_direction,495,0.23562602767943,1.1332059816012052e-07
GOOG,organic,RAR,B_all_days_signed_AR,1006,0.2062529658527494,3.979557798378586e-11
GOOG,organic,RAR,C_prev_day_sentiment,1005,0.0125306652484367,0.6915407345902544
MSFT,all,MAR,A_sig_days_direction,471,0.2223186963398564,1.0981820681635844e-06
MSFT,all,MAR,B_all_days_signed_AR,1006,0.1442492814745489,4.3569927982282e-06
MSFT,all,MAR,C_prev_day_sentiment,1005,0.0396761974988543,0.2088500356285327
MSFT,all,MKAR,A_sig_days_direction,477,0.167739724473338,0.0002332478653489
MSFT,all,MKAR,B_all_days_signed_AR,1006,0.1232337242710182,8.900852003182264e-05
MSFT,all,MKAR,C_prev_day_sentiment,1005,0.0369083203290557,0.2424036469527257
MSFT,all,RAR,A_sig_days_direction,480,0.1960387450350712,1.5195152871443388e-05
MSFT,all,RAR,B_all_days_signed_AR,1006,0.1333712507419735,2.1965177664117e-05
MSFT,all,RAR,C_prev_day_sentiment,1005,0.0392525537703129,0.2137556076413882
MSFT,bot,MAR,A_sig_days_direction,471,0.0458429653989685,0.3208138124270347
MSFT,bot,MAR,B_all_days_signed_AR,1006,0.0154292043230869,0.6249857682559492
MSFT,bot,MAR,C_prev_day_sentiment,1005,0.0376587443476878,0.2329536239155864
MSFT,bot,MKAR,A_sig_days_direction,477,0.0527327536974558,0.2503585680171422
MSFT,bot,MKAR,B_all_days_signed_AR,1006,0.0422691226287593,0.1803744638882202
MSFT,bot,MKAR,C_prev_day_sentiment,1005,0.0681822071245836,0.0306706436302158
MSFT,bot,RAR,A_sig_days_direction,480,0.0439752347900944,0.3363499447955779
MSFT,bot,RAR,B_all_days_signed_AR,1006,0.0391731317579308,0.2144559103804587
MSFT,bot,RAR,C_prev_day_sentiment,1005,0.0656343862281793,0.0374908774792584
MSFT,organic,MAR,A_sig_days_direction,471,0.3118880683528535,4.383306085723224e-12
MSFT,organic,MAR,B_all_days_signed_AR,1006,0.2068424308509968,3.492961657070345e-11
MSFT,organic,MAR,C_prev_day_sentiment,1005,0.0054123553101571,0.8639338037605631
MSFT,organic,MKAR,A_sig_days_direction,477,0.2143389302232888,2.3129378639379244e-06
MSFT,organic,MKAR,B_all_days_signed_AR,1006,0.1637638376796413,1.7602674768719878e-07
MSFT,organic,MKAR,C_prev_day_sentiment,1005,-0.0092089953794561,0.7706047143049425
MSFT,organic,RAR,A_sig_days_direction,480,0.2486240169301654,3.394183861290473e-08
MSFT,organic,RAR,B_all_days_signed_AR,1006,0.180160493301015,8.70100948802474e-09
MSFT,organic,RAR,C_prev_day_sentiment,1005,-0.0068384645985169,0.828579375089274
