bot_at,min_tweets,company,group,n,r,p,bot_share_of_tweets,bot_authors
3,5,AAPL,bot,492,0.029283049847735,0.5169744186592259,0.4030381666621098,1519
3,5,AAPL,organic,492,0.4154709494321038,5.918022032811543e-22,0.4030381666621098,1519
3,5,AMZN,bot,482,0.0286618905673943,0.5301660436042629,0.4030381666621098,1519
3,5,AMZN,organic,482,0.3576608489584826,5.433089279497485e-16,0.4030381666621098,1519
3,5,GOOG,bot,495,-0.0213633486108653,0.6353879850984834,0.4030381666621098,1519
3,5,GOOG,organic,495,0.2416793142643741,5.1997022622643477e-08,0.4030381666621098,1519
3,5,MSFT,bot,480,0.0604035485177125,0.186457495715901,0.4030381666621098,1519
3,5,MSFT,organic,480,0.2330268109473884,2.426335113533128e-07,0.4030381666621098,1519
4,5,AAPL,bot,492,-0.0260504100531258,0.5643082800240561,0.3362030837620803,499
4,5,AAPL,organic,492,0.3924240904156523,1.4598274526501211e-19,0.3362030837620803,499
4,5,AMZN,bot,482,0.0190561106516953,0.6764451129558277,0.3362030837620803,499
4,5,AMZN,organic,482,0.3483770995044255,3.3620003981190205e-15,0.3362030837620803,499
4,5,GOOG,bot,495,-0.0328830833445393,0.4654206217428623,0.3362030837620803,499
4,5,GOOG,organic,495,0.23562602767943,1.1332059816012052e-07,0.3362030837620803,499
4,5,MSFT,bot,480,0.0439752347900944,0.3363499447955779,0.3362030837620803,499
4,5,MSFT,organic,480,0.2486240169301654,3.394183861290473e-08,0.3362030837620803,499
5,5,AAPL,bot,490,-0.0356114536365226,0.4315574532023112,0.2491094016626646,98
5,5,AAPL,organic,492,0.3540822702239939,5.597768034028647e-16,0.2491094016626646,98
5,5,AMZN,bot,435,0.0363474904518071,0.4495559024208753,0.2491094016626646,98
5,5,AMZN,organic,482,0.3192175306319605,7.036301481538992e-13,0.2491094016626646,98
5,5,GOOG,bot,495,0.0079184364496942,0.8605049321416627,0.2491094016626646,98
5,5,GOOG,organic,495,0.2054048839530746,4.072706981112405e-06,0.2491094016626646,98
5,5,MSFT,bot,468,0.022986286161383,0.6198907927112808,0.2491094016626646,98
5,5,MSFT,organic,480,0.1973053065937737,1.3346293471751089e-05,0.2491094016626646,98
6,5,AAPL,bot,489,-0.0057037753806632,0.8998840865302238,0.1806708396794328,31
6,5,AAPL,organic,492,0.2969801655835463,1.7820713434080405e-11,0.1806708396794328,31
6,5,AMZN,bot,391,0.0107159163446949,0.8327146796370191,0.1806708396794328,31
6,5,AMZN,organic,482,0.3007689069950956,1.553245804122729e-11,0.1806708396794328,31
6,5,GOOG,bot,495,0.0023106693027401,0.9591030081652696,0.1806708396794328,31
6,5,GOOG,organic,495,0.194133372833355,1.3630848698527973e-05,0.1806708396794328,31
6,5,MSFT,bot,379,0.0554708420459869,0.2814067884067507,0.1806708396794328,31
6,5,MSFT,organic,480,0.1994872081292267,1.065245912995599e-05,0.1806708396794328,31
4,20,AAPL,bot,492,-0.0216341480286488,0.6321491908565635,0.3357539648714241,315
4,20,AAPL,organic,492,0.4509343701336021,5.137613973580091e-26,0.3357539648714241,315
4,20,AMZN,bot,482,0.0201682502780594,0.6587214539862888,0.3357539648714241,315
4,20,AMZN,organic,482,0.3475460990627402,3.9462390352246015e-15,0.3357539648714241,315
4,20,GOOG,bot,495,-0.0336204259956017,0.4554698108684145,0.3357539648714241,315
4,20,GOOG,organic,495,0.2547943928267472,8.942848294872148e-09,0.3357539648714241,315
4,20,MSFT,bot,480,0.0400328169562268,0.3814982032012839,0.3357539648714241,315
4,20,MSFT,organic,480,0.2367389976832496,1.537996572998463e-07,0.3357539648714241,315
